z_over_H,refinement,hole,edge,group,length_m,nx,ny,integral_hz_re,integral_hz_im,mean_hz_re,mean_hz_im,qx_re,qx_im,qy_re,qy_im
0.05,1,1,1,A,2.8321999999999996e-07,0.5000000000000001,0.8660254037844387,-4.432667751284312e-07,2.403925813012347e-11,-1.5650970098454602,8.487839181598571e-05,-2.2163338756421565e-07,1.2019629065061738e-11,-3.838802879148256e-07,2.0818608228818527e-11
0.05,1,1,2,A,2.8322e-07,-1.0,0.0,-4.695092943492297e-07,-8.19645596100177e-13,-1.6577547290065306,-2.894024419533143e-06,4.695092943492297e-07,8.19645596100177e-13,0.0,-0.0
0.05,1,1,3,A,2.8321999999999996e-07,0.5000000000000001,-0.8660254037844387,-4.4332393832540207e-07,-2.5085118238988848e-11,-1.5652988430386348,-8.857113988768044e-05,-2.216619691627011e-07,-1.2542559119494427e-11,3.8392979269556393e-07,2.1724349651900705e-11
0.05,1,2,1,B,2.2345181986280622e-07,-0.4999999999999999,0.8660254037844387,-1.902333349820371e-07,1.3112597239292472e-10,-0.851339385371019,0.0005868198901822897,9.511666749101853e-08,-6.556298619646234e-11,-1.6474690074107907e-07,1.135584231882098e-10
0.05,1,2,2,B,2.2345181986280622e-07,-0.5000000000000002,-0.8660254037844386,-2.1919143712400744e-07,1.140623550873233e-10,-0.9809337747107428,0.0005104561473580958,1.0959571856200377e-07,-5.7031177543661676e-11,1.8982535284140992e-07,-9.878089712110317e-11
0.05,1,2,3,B,2.2345181986280625e-07,1.0,-5.922927729554554e-17,-2.160794182407315e-07,1.1200053701701192e-10,-0.9670067505979534,0.000501229021476654,-2.160794182407315e-07,1.1200053701701192e-10,1.2798227780840447e-23,-6.633710864230613e-27
0.05,1,3,1,B,2.2345181986280622e-07,-1.0,2.9614638647772777e-16,2.141768068547405e-07,1.1184450000498058e-10,0.9584921124663012,0.0005005307187636703,-2.141768068547405e-07,-1.1184450000498058e-10,6.342768741736964e-23,3.3122344523883205e-26
0.05,1,3,2,B,2.234518198628062e-07,0.49999999999999983,-0.8660254037844388,2.1722759938207694e-07,1.1547920440184522e-10,0.9721451340850534,0.0005167968847725051,1.0861379969103843e-07,5.773960220092259e-11,-1.881246194679875e-07,-1.0000792462081376e-10
0.05,1,3,3,B,2.234518198628062e-07,0.5000000000000003,0.8660254037844385,1.8728548119830214e-07,1.308774639274289e-10,0.8381470390945606,0.0005857077557380575,9.364274059915113e-08,6.54387319637145e-11,1.6219398447772248e-07,1.133432085440349e-10
0.05,1,4,1,A,2.8322e-07,-0.5000000000000002,-0.8660254037844386,4.421199878975132e-07,-2.5324799680023366e-11,1.561047905859449,-8.941741289465209e-05,-2.210599939487567e-07,1.2662399840011688e-11,-3.8288714104011497e-07,2.1931919868652258e-11
0.05,1,4,2,A,2.8322e-07,1.0,0.0,4.683318567367327e-07,-4.0131641833769374e-13,1.65359740391474,-1.4169776793224127e-06,4.683318567367327e-07,-4.0131641833769374e-13,0.0,0.0
0.05,1,4,3,A,2.8321999999999996e-07,-0.4999999999999999,0.8660254037844387,4.462011961249699e-07,2.398402940755821e-11,1.5754579342029869,8.468338891165248e-05,-2.2310059806248488e-07,-1.1992014703779102e-11,3.8642157104322655e-07,2.0770778752058454e-11
0.05,1,5,1,B,2.2345181986280625e-07,0.4999999999999994,-0.8660254037844389,1.9748503249950066e-07,-1.30999489104335e-10,0.8837924552180934,-0.0005862538474055184,9.874251624975021e-08,-6.549974455216742e-11,-1.710270550117631e-07,1.1344888544713693e-10
0.05,1,5,2,B,2.2345181986280628e-07,0.5000000000000006,0.8660254037844384,2.2333364805751116e-07,-1.1498595432093929e-10,0.9994711530862997,-0.0005145894734334128,1.116668240287557e-07,-5.749297716046971e-11,1.9341261273765776e-07,-9.958075752033044e-11
0.05,1,5,3,B,2.2345181986280628e-07,-1.0,3.5537566377327323e-16,2.2279797332696148e-07,-1.1125399670982295e-10,0.9970738813573045,-0.0004978880761773614,-2.2279797332696148e-07,1.1125399670982295e-10,7.917697765840896e-23,-3.9536962928182887e-26
0.05,1,6,1,B,2.2345181986280625e-07,1.0,5.922927729554554e-17,-2.2052405965684128e-07,-1.1147158470695485e-10,-0.9868975772595517,-0.00049886183417703,-2.2052405965684128e-07,-1.1147158470695485e-10,-1.306148067975448e-23,-6.602381401182122e-27
0.05,1,6,2,B,2.2345181986280622e-07,-0.5000000000000002,0.8660254037844386,-2.1834846863155252e-07,-1.1545639095590619e-10,-0.9771612903650236,-0.0005166947891800278,1.0917423431577632e-07,5.772819547795312e-11,-1.890953207123541e-07,-9.998816759708266e-11
0.05,1,6,3,B,2.2345181986280622e-07,-0.4999999999999999,-0.8660254037844387,-1.9138206932215863e-07,-1.304407439476801e-10,-0.8564802445541164,-0.0005837533300367276,9.569103466107929e-08,6.522037197384004e-11,1.6574173386182388e-07,1.1296499794723224e-10
0.05,2,1,1,A,2.8321999999999996e-07,0.5000000000000001,0.8660254037844387,-4.4348047419808794e-07,2.4010312440525325e-11,-1.565851543669543,8.477618967772519e-05,-2.2174023709904402e-07,1.2005156220262666e-11,-3.8406535673791346e-07,2.0793540526296477e-11
0.05,2,1,2,A,2.8322e-07,-1.0,0.0,-4.695076882056374e-07,-8.474169849752522e-13,-1.6577490579960361,-2.9920803085066454e-06,4.695076882056374e-07,8.474169849752522e-13,0.0,-0.0
0.05,2,1,3,A,2.8321999999999996e-07,0.5000000000000001,-0.8660254037844387,-4.4362651611401055e-07,-2.4996109111509598e-11,-1.5663671919850668,-8.825686431576019e-05,-2.2181325805700533e-07,-1.2498054555754802e-11,3.841918327471198e-07,2.1647265486334988e-11
0.05,2,2,1,B,2.2345181986280622e-07,-0.4999999999999999,0.8660254037844387,-1.9048908217225666e-07,1.3119148555902043e-10,-0.8524839148287634,0.0005871130771705896,9.52445410861283e-08,-6.55957427795102e-11,-1.649683843047557e-07,1.1361515925433103e-10
0.05,2,2,2,B,2.2345181986280622e-07,-0.5000000000000002,-0.8660254037844386,-2.1917316663398605e-07,1.1414433439139869e-10,-0.9808520099256871,0.000510823024227238,1.0958658331699308e-07,-5.707216719569937e-11,1.8980953013291182e-07,-9.885189328101704e-11
0.05,2,2,3,B,2.2345181986280625e-07,1.0,-5.922927729554554e-17,-2.1600654292526898e-07,1.119973380366571e-10,-0.9666806162415303,0.0005012147052792886,-2.1600654292526898e-07,1.119973380366571e-10,1.2793911428572917e-23,-6.633521390936114e-27
0.05,2,3,1,B,2.2345181986280622e-07,-1.0,2.9614638647772777e-16,2.142458978597814e-07,1.118310345330795e-10,0.9588013111341988,0.0005004704575766756,-2.142458978597814e-07,-1.118310345330795e-10,6.344814846885061e-23,3.311835677303748e-26
0.05,2,3,2,B,2.234518198628062e-07,0.49999999999999983,-0.8660254037844388,2.1734633226058064e-07,1.1541396090988875e-10,0.972676491934708,0.0005165049046400697,1.0867316613029028e-07,5.7706980454944356e-11,-1.8822744515703616e-07,-9.995142209934784e-11
0.05,2,3,3,B,2.234518198628062e-07,0.5000000000000003,0.8660254037844385,1.8751592725185143e-07,1.3096947752495437e-10,0.8391783399525745,0.0005861195384551638,9.375796362592578e-08,6.548473876247722e-11,1.6239355661429801e-07,1.1342289465698555e-10
0.05,2,4,1,A,2.8322e-07,-0.5000000000000002,-0.8660254037844386,4.4232000190485677e-07,-2.5308061945279993e-11,1.5617541201357839,-8.935831489753545e-05,-2.211600009524285e-07,1.2654030972640001e-11,-3.8306035825158723e-07,2.191742456516269e-11
0.05,2,4,2,A,2.8322e-07,1.0,0.0,4.683004008863978e-07,-3.761317136902018e-13,1.6534863388404695,-1.3280549173441203e-06,4.683004008863978e-07,-3.761317136902018e-13,0.0,0.0
0.05,2,4,3,A,2.8321999999999996e-07,-0.4999999999999999,0.8660254037844387,4.4631532543150783e-07,2.3926726184228883e-11,1.5758609047083818,8.448106131003773e-05,-2.2315766271575386e-07,-1.1963363092114438e-11,3.8652040992200473e-07,2.072115270493652e-11
0.05,2,5,1,B,2.2345181986280625e-07,0.4999999999999994,-0.8660254037844389,1.9767352791242562e-07,-1.3102371727011823e-10,0.8846360169892201,-0.0005863622742055244,9.883676395621269e-08,-6.551185863505904e-11,-1.7119029682785295e-07,1.1346986765419231e-10
0.05,2,5,2,B,2.2345181986280628e-07,0.5000000000000006,0.8660254037844384,2.2321581608364045e-07,-1.1504579520304056e-10,0.9989438269989891,-0.0005148572756027484,1.1160790804182035e-07,-5.752289760152034e-11,1.9331056725490765e-07,-9.9632581244415e-11
0.05,2,5,3,B,2.2345181986280628e-07,-1.0,3.5537566377327323e-16,2.227395105826347e-07,-1.1125760853434808e-10,0.9968122466820412,-0.0004979042399505066,-2.227395105826347e-07,1.1125760853434808e-10,7.915620142183782e-23,-3.9538246482720935e-26
0.05,2,6,1,B,2.2345181986280625e-07,1.0,5.922927729554554e-17,-2.2058527485289746e-07,-1.1146457965482401e-10,-0.9871715298104585,-0.0004988304849039065,-2.2058527485289746e-07,-1.1146457965482401e-10,-1.3065106411576392e-23,-6.601966497006996e-27
0.05,2,6,2,B,2.2345181986280622e-07,-0.5000000000000002,0.8660254037844386,-2.1838285511566228e-07,-1.1539548332987004e-10,-0.9773151780537919,-0.0005164222130780584,1.0919142755783119e-07,5.769774166493505e-11,-1.8912510028113996e-07,-9.993542004565115e-11
0.05,2,6,3,B,2.2345181986280622e-07,-0.4999999999999999,-0.8660254037844387,-1.9150454810211005e-07,-1.3051341704543377e-10,-0.8570283662030098,-0.000584078559420844,9.5752274051055e-08,6.525670852271687e-11,1.6584780359668632e-07,1.1302793469605862e-10
0.2,1,1,1,A,2.8321999999999996e-07,0.5000000000000001,0.8660254037844387,-4.258746887727953e-07,2.210106387839879e-11,-1.503688612290076,7.80349688524779e-05,-2.129373443863977e-07,1.1050531939199398e-11,-3.6881829930603217e-07,1.9140082769355983e-11
0.2,1,1,2,A,2.8322e-07,-1.0,0.0,-4.4222127886657636e-07,-3.4295853198717095e-13,-1.5614055464535566,-1.2109262481010202e-06,4.4222127886657636e-07,3.4295853198717095e-13,0.0,-0.0
0.2,1,1,3,A,2.8321999999999996e-07,0.5000000000000001,-0.8660254037844387,-4.3008824293944926e-07,-2.167953579082203e-11,-1.5185659308645199,-7.65466273244193e-05,-2.1504412146972468e-07,-1.0839767895411017e-11,3.7246734425457633e-07,1.877502873710584e-11
0.2,1,2,1,B,2.2345181986280622e-07,-0.4999999999999999,0.8660254037844387,-1.847937563993652e-07,1.2637945664118644e-10,-0.8269959784298195,0.0005655781041245502,9.239687819968258e-08,-6.318972832059321e-11,-1.6003608750260345e-07,1.0944781996774146e-10
0.2,1,2,2,B,2.2345181986280622e-07,-0.5000000000000002,-0.8660254037844386,-2.0776795992746378e-07,1.0832371731592348e-10,-0.9298109993242752,0.0004847743794721901,1.0388397996373193e-07,-5.4161858657961764e-11,1.7993233138965086e-07,-9.381109102795401e-11
0.2,1,2,3,B,2.2345181986280625e-07,1.0,-5.922927729554554e-17,-2.0319038227881245e-07,1.0655282193145105e-10,-0.9093252514280984,0.0004768492017512848,-2.0319038227881245e-07,1.0655282193145105e-10,1.2034819495779685e-23,-6.3110466368008004e-27
0.2,1,3,1,B,2.2345181986280622e-07,-1.0,2.9614638647772777e-16,2.0125996847009313e-07,1.0655695125413432e-10,0.9006861908471441,0.00047686768145167765,-2.0125996847009313e-07,-1.0655695125413432e-10,5.960241240503951e-23,3.155645606799526e-26
0.2,1,3,2,B,2.234518198628062e-07,0.49999999999999983,-0.8660254037844388,2.0272765508727545e-07,1.0794780837842497e-10,0.9072544372730781,0.0004830920976374335,1.0136382754363768e-07,5.3973904189212467e-11,-1.7556729935523016e-07,-9.348554433857072e-11
0.2,1,3,3,B,2.234518198628062e-07,0.5000000000000003,0.8660254037844385,1.827183075557709e-07,1.2588431417871912e-10,0.8177078515984133,0.0005633622239282227,9.135915377788552e-08,6.29421570893596e-11,1.5823869607979572e-07,1.0901901401675235e-10
0.2,1,4,1,A,2.8322e-07,-0.5000000000000002,-0.8660254037844386,4.2520727301676033e-07,-2.354797895807111e-11,1.501332084657723,-8.314377147825403e-05,-2.1260363650838027e-07,1.1773989479035559e-11,-3.682403003064199e-07,2.0393147985470994e-11
0.2,1,4,2,A,2.8322e-07,1.0,0.0,4.412462511394237e-07,-9.057619629657521e-13,1.557962895061873,-3.1980861625794505e-06,4.412462511394237e-07,-9.057619629657521e-13,0.0,0.0
0.2,1,4,3,A,2.8321999999999996e-07,-0.4999999999999999,0.8660254037844387,4.2464108589359635e-07,2.0305872583647613e-11,1.4993329775213489,7.169646417501453e-05,-2.1232054294679812e-07,-1.0152936291823805e-11,3.677499678744643e-07,1.7585401503448786e-11
0.2,1,5,1,B,2.2345181986280625e-07,0.4999999999999994,-0.8660254037844389,1.921546487767371e-07,-1.2336832208070112e-10,0.859937721226505,-0.0005521025613326674,9.607732438836844e-08,-6.168416104035048e-11,-1.664108072959308e-07,1.068401009441479e-10
0.2,1,5,2,B,2.2345181986280628e-07,0.5000000000000006,0.8660254037844384,2.0805189020677825e-07,-1.0748323660590067e-10,0.9310816548037818,-0.0004810130285441068,1.0402594510338925e-07,-5.374161830295039e-11,1.8017822222444078e-07,-9.308321338168346e-11
0.2,1,5,3,B,2.2345181986280628e-07,-1.0,3.5537566377327323e-16,2.095779131984215e-07,-1.0587197619399996e-10,0.9379109703697959,-0.0004738022552647038,-2.095779131984215e-07,1.0587197619399996e-10,7.447889001510648e-23,-3.7624323814930917e-26
0.2,1,6,1,B,2.2345181986280625e-07,1.0,5.922927729554554e-17,-2.0698037425000278e-07,-1.0582052758062747e-10,-0.9262863662380708,-0.00047357201049245685,-2.0698037425000278e-07,-1.0582052758062747e-10,-1.2259297981189209e-23,-6.267673371633909e-27
0.2,1,6,2,B,2.2345181986280622e-07,-0.5000000000000002,0.8660254037844386,-2.0559589562472428e-07,-1.1054891152309136e-10,-0.9200904953513245,-0.0004947326523944428,1.0279794781236218e-07,5.5274455761545705e-11,-1.7805126852482514e-07,-9.573816573971537e-11
0.2,1,6,3,B,2.2345181986280622e-07,-0.4999999999999999,-0.8660254037844387,-1.8541848271403483e-07,-1.250385928435944e-10,-0.8297917771619722,-0.0005595774199573087,9.270924135701739e-08,6.251929642179719e-11,1.6057711636151998e-07,1.0828659785601188e-10
0.2,2,1,1,A,2.8321999999999996e-07,0.5000000000000001,0.8660254037844387,-4.26190760787756e-07,2.20887208406687e-11,-1.504804606976047,7.799138775746311e-05,-2.1309538039387804e-07,1.1044360420334353e-11,-3.690920257004135e-07,1.9129393385121856e-11
0.2,2,1,2,A,2.8322e-07,-1.0,0.0,-4.4229897303732436e-07,-3.737129046376131e-13,-1.5616798709036237,-1.3195145280616236e-06,4.4229897303732436e-07,3.737129046376131e-13,0.0,-0.0
0.2,2,1,3,A,2.8321999999999996e-07,0.5000000000000001,-0.8660254037844387,-4.303911908025214e-07,-2.163091350672158e-11,-1.519635586478785,-7.637495059219541e-05,-2.1519559540126077e-07,-1.0815456753360792e-11,3.7272970480001903e-07,1.8732920603884827e-11
0.2,2,2,1,B,2.2345181986280622e-07,-0.4999999999999999,0.8660254037844387,-1.8465340817274483e-07,1.2627732653691567e-10,-0.8263678867601856,0.0005651210476354446,9.232670408637239e-08,-6.313866326845782e-11,-1.5991454237297412e-07,1.0935937270295181e-10
0.2,2,2,2,B,2.2345181986280622e-07,-0.5000000000000002,-0.8660254037844386,-2.0761264239949744e-07,1.0817957089971076e-10,-0.9291159164734768,0.00048412929000144324,1.0380632119974876e-07,-5.4089785449855406e-11,1.7979782246477902e-07,-9.368625656964931e-11
0.2,2,2,3,B,2.2345181986280625e-07,1.0,-5.922927729554554e-17,-2.0318261216948483e-07,1.0652761500160126e-10,-0.9092904783421939,0.0004767363947494655,-2.0318261216948483e-07,1.0652761500160126e-10,1.2034359277819704e-23,-6.309553648562958e-27
0.2,2,3,1,B,2.2345181986280622e-07,-1.0,2.9614638647772777e-16,2.010974053157628e-07,1.0653451240870403e-10,0.8999586820963532,0.0004767672622855054,-2.010974053157628e-07,-1.0653451240870403e-10,5.955426991431016e-23,3.154981088500435e-26
0.2,2,3,2,B,2.234518198628062e-07,0.49999999999999983,-0.8660254037844388,2.025550728644813e-07,1.0794353348690274e-10,0.906482090809755,0.00048307296648189015,1.0127753643224061e-07,5.397176674345135e-11,-1.7541783876604885e-07,-9.348184217391404e-11
0.2,2,3,3,B,2.234518198628062e-07,0.5000000000000003,0.8660254037844385,1.824935269090731e-07,1.2583810987139366e-10,0.8167019047825144,0.000563155448671911,9.124676345453662e-08,6.291905493569687e-11,1.5804403032947632e-07,1.0897899991284423e-10
0.2,2,4,1,A,2.8322e-07,-0.5000000000000002,-0.8660254037844386,4.2548997951777754e-07,-2.353999157059568e-11,1.5023302715831421,-8.311556941810493e-05,-2.1274498975888888e-07,1.1769995785297845e-11,-3.684851313181158e-07,2.0386230705007405e-11
0.2,2,4,2,A,2.8322e-07,1.0,0.0,4.413080291595929e-07,-8.765245453474635e-13,1.5581810223839871,-3.0948539839964104e-06,4.413080291595929e-07,-8.765245453474635e-13,0.0,0.0
0.2,2,4,3,A,2.8321999999999996e-07,-0.4999999999999999,0.8660254037844387,4.248485678827025e-07,2.0306020439077972e-11,1.5000655599276271,7.169698622653052e-05,-2.124242839413512e-07,-1.0153010219538985e-11,3.6792965254785794e-07,1.7585529550007568e-11
0.2,2,5,1,B,2.2345181986280625e-07,0.4999999999999994,-0.8660254037844389,1.91994859877848e-07,-1.2326425805144925e-10,0.8592226279281501,-0.0005516368500696499,9.599742993892388e-08,-6.163212902572455e-11,-1.6627242605025008e-07,1.0674997885119561e-10
0.2,2,5,2,B,2.2345181986280628e-07,0.5000000000000006,0.8660254037844384,2.0808008757015253e-07,-1.0738600679628238e-10,0.9312078447063371,-0.0004805779020381872,1.0404004378507639e-07,-5.369300339814125e-11,1.8020264185744265e-07,-9.299900989654889e-11
0.2,2,5,3,B,2.2345181986280628e-07,-1.0,3.5537566377327323e-16,2.095594083813411e-07,-1.0584447277781327e-10,0.9378281569154604,-0.00047367917094073825,-2.095594083813411e-07,1.0584447277781327e-10,7.447231385345352e-23,-3.7614549770147544e-26
0.2,2,6,1,B,2.2345181986280625e-07,1.0,5.922927729554554e-17,-2.0681765605030385e-07,-1.0579536702306542e-10,-0.9255581636224071,-0.0004734594110176462,-2.0681765605030385e-07,-1.0579536702306542e-10,-1.224966029981821e-23,-6.266183129993157e-27
0.2,2,6,2,B,2.2345181986280622e-07,-0.5000000000000002,0.8660254037844386,-2.053130463420899e-07,-1.1045279404713258e-10,-0.9188246775888732,-0.0004943025038460095,1.0265652317104498e-07,5.522639702356632e-11,-1.7780631386062155e-07,-9.565492556378743e-11
0.2,2,6,3,B,2.2345181986280622e-07,-0.4999999999999999,-0.8660254037844387,-1.85228832255611e-07,-1.2492758171395788e-10,-0.8289430462877271,-0.0005590806187690048,9.261441612780548e-08,6.246379085697893e-11,1.6041287424668558e-07,1.0819045939764383e-10
0.4,1,1,1,A,2.8321999999999996e-07,0.5000000000000001,0.8660254037844387,-3.621346433611199e-07,1.0033710017362953e-11,-1.278633724175976,3.542726508496206e-05,-1.8106732168056e-07,5.0168550086814775e-12,-3.1361780074114757e-07,8.68944776924272e-12
0.4,1,1,2,A,2.8322e-07,-1.0,0.0,-3.523031294444988e-07,2.5768745644412585e-13,-1.2439203779552954,9.098490800230415e-07,3.523031294444988e-07,-2.5768745644412585e-13,-0.0,0.0
0.4,1,1,3,A,2.8321999999999996e-07,0.5000000000000001,-0.8660254037844387,-3.612741011323333e-07,-1.0248782377721866e-11,-1.2755953009403762,-3.618664775694466e-05,-1.806370505661667e-07,-5.124391188860934e-12,3.128725493099891e-07,8.875705896965419e-12
0.4,1,2,1,B,2.2345181986280622e-07,-0.4999999999999999,0.8660254037844387,-1.6677046195936729e-07,1.0041968213153284e-10,-0.7463374523499524,0.0004494019435294284,8.338523097968363e-08,-5.020984106576641e-11,-1.4442745665767843e-07,8.696599576586571e-11
0.4,1,2,2,B,2.2345181986280622e-07,-0.5000000000000002,-0.8660254037844386,-1.650145896603513e-07,8.76089719626248e-11,-0.7384795065068886,0.00039207097089839993,8.250729483017569e-08,-4.380448598131242e-11,1.4290682664092919e-07,-7.58715953190717e-11
0.4,1,2,3,B,2.2345181986280625e-07,1.0,-5.922927729554554e-17,-1.6337228452722717e-07,9.296245134815627e-11,-0.7311298007218452,0.0004160290634698471,-1.6337228452722717e-07,9.296245134815627e-11,9.676422342669903e-24,-5.506098808973609e-27
0.4,1,3,1,B,2.2345181986280622e-07,-1.0,2.9614638647772777e-16,1.5884025673207026e-07,9.29490850825064e-11,0.7108478992455474,0.0004159692462544042,-1.5884025673207026e-07,-9.29490850825064e-11,4.703996805839718e-23,2.752653567359514e-26
0.4,1,3,2,B,2.234518198628062e-07,0.49999999999999983,-0.8660254037844388,1.6779785583308158e-07,8.946977733935314e-11,0.7509352841078012,0.0004003985172028822,8.389892791654076e-08,4.473488866967656e-11,-1.4531720585200752e-07,-7.748310004681714e-11
0.4,1,3,3,B,2.234518198628062e-07,0.5000000000000003,0.8660254037844385,1.6574666410824227e-07,1.0003617669378975e-10,0.7417557136478304,0.00044768566555067416,8.287333205412119e-08,5.001808834689491e-11,1.4354082171026422e-07,8.66338703142907e-11
0.4,1,4,1,A,2.8322e-07,-0.5000000000000002,-0.8660254037844386,3.616028260254876e-07,-1.1549698945551462e-11,1.2767559707135356,-4.07799553193682e-05,-1.8080141301274387e-07,5.7748494727757334e-12,-3.1315723341831696e-07,1.0002332692909909e-11
0.4,1,4,2,A,2.8322e-07,1.0,0.0,3.5173172026568494e-07,-1.3488170967730297e-12,1.2419028326590102,-4.762435904148823e-06,3.5173172026568494e-07,-1.3488170967730297e-12,0.0,0.0
0.4,1,4,3,A,2.8321999999999996e-07,-0.4999999999999999,0.8660254037844387,3.5802509397931474e-07,1.1572669474472697e-11,1.2641236282018036,4.086106021634312e-05,-1.7901254698965732e-07,-5.786334737236347e-12,3.1005882657839765e-07,1.0022225754494066e-11
0.4,1,5,1,B,2.2345181986280625e-07,0.4999999999999994,-0.8660254037844389,1.689062645279093e-07,-1.007450284122654e-10,0.7558956764443157,-0.0004508579454583108,8.445313226395455e-08,-5.0372514206132633e-11,-1.462771159395039e-07,8.724775391000692e-11
0.4,1,5,2,B,2.2345181986280628e-07,0.5000000000000006,0.8660254037844384,1.7112884161803367e-07,-8.979416795310223e-11,0.765842237145808,-0.0004018502422948873,8.556442080901693e-08,-4.4897083976551166e-11,1.4820192416142082e-07,-7.776403055907303e-11
0.4,1,5,3,B,2.2345181986280628e-07,-1.0,3.5537566377327323e-16,1.6792388918216458e-07,-9.242947493913473e-11,0.7514993132983457,-0.00041364386737097983,-1.6792388918216458e-07,9.242947493913473e-11,5.967606358150132e-23,-3.284718600871013e-26
0.4,1,6,1,B,2.2345181986280625e-07,1.0,5.922927729554554e-17,-1.640900741656897e-07,-9.241299462841457e-11,-0.7343420799456314,-0.00041357011406375566,-1.640900741656897e-07,-9.241299462841457e-11,-9.718936504206269e-24,-5.473554884558127e-27
0.4,1,6,2,B,2.2345181986280622e-07,-0.5000000000000002,0.8660254037844386,-1.6660232172179658e-07,-8.929265204474369e-11,-0.7455849848261975,-0.00039960583941346786,8.330116086089833e-08,4.464632602237186e-11,-1.4428184294054383e-07,-7.732970504203253e-11
0.4,1,6,3,B,2.2345181986280622e-07,-0.4999999999999999,-0.8660254037844387,-1.6820113043929104e-07,-1.005483993130338e-10,-0.752740033813832,-0.00044997798350788993,8.410056521964551e-08,5.027419965651689e-11,1.4566645190568606e-07,8.707746811494907e-11
0.4,2,1,1,A,2.8321999999999996e-07,0.5000000000000001,0.8660254037844387,-3.622520156039921e-07,1.0020609783678545e-11,-1.2790481449191164,3.538101046422762e-05,-1.811260078019961e-07,5.010304891839273e-12,-3.13719448085174e-07,8.67810263407651e-12
0.4,2,1,2,A,2.8322e-07,-1.0,0.0,-3.524201927893145e-07,2.566530143367844e-13,-1.244333708033735,9.061966469062366e-07,3.524201927893145e-07,-2.566530143367844e-13,-0.0,0.0
0.4,2,1,3,A,2.8321999999999996e-07,0.5000000000000001,-0.8660254037844387,-3.614036169440787e-07,-1.0251995219846624e-11,-1.2760525984890854,-3.619799173733008e-05,-1.807018084720394e-07,-5.125997609923313e-12,3.1298471329315237e-07,8.878488299863808e-12
0.4,2,2,1,B,2.2345181986280622e-07,-0.4999999999999999,0.8660254037844387,-1.6681114445859265e-07,1.0041896512094796e-10,-0.7465195162026896,0.00044939873473665454,8.340557222929631e-08,-5.020948256047397e-11,-1.4446268873549705e-07,8.696537481648442e-11
0.4,2,2,2,B,2.2345181986280622e-07,-0.5000000000000002,-0.8660254037844386,-1.6496819103059065e-07,8.761113116911508e-11,-0.7382718616114963,0.0003920806338606063,8.248409551529537e-08,-4.380556558455756e-11,1.4286664424885567e-07,-7.58734652467443e-11
0.4,2,2,3,B,2.2345181986280625e-07,1.0,-5.922927729554554e-17,-1.63399214917201e-07,9.297872697255797e-11,-0.7312503206173213,0.00041610190075715,-1.63399214917201e-07,9.297872697255797e-11,9.67801741020534e-24,-5.507062802444456e-27
0.4,2,3,1,B,2.2345181986280622e-07,-1.0,2.9614638647772777e-16,1.588900103730691e-07,9.299119746749585e-11,0.7110705586135909,0.0004161577091857659,-1.588900103730691e-07,-9.299119746749585e-11,4.7054702419393095e-23,2.753900710423573e-26
0.4,2,3,2,B,2.234518198628062e-07,0.49999999999999983,-0.8660254037844388,1.6778586776846237e-07,8.944553418199336e-11,0.750881634669517,0.0004002900233120082,8.389293388423116e-08,4.472276709099667e-11,-1.4530682388350509e-07,-7.746210485667562e-11
0.4,2,3,3,B,2.234518198628062e-07,0.5000000000000003,0.8660254037844385,1.6580098559344917e-07,1.0010618926368623e-10,0.7419988152043102,0.00044799898844032196,8.290049279672464e-08,5.0053094631843145e-11,1.435878654964247e-07,8.669450297840528e-11
0.4,2,4,1,A,2.8322e-07,-0.5000000000000002,-0.8660254037844386,3.6171449677435893e-07,-1.1530242284921204e-11,1.277150260484284,-4.0711257273219415e-05,-1.8085724838717954e-07,5.765121142460604e-12,-3.132539431236992e-07,9.985482730531294e-12
0.4,2,4,2,A,2.8322e-07,1.0,0.0,3.5184097007820563e-07,-1.3493031178787012e-12,1.2422885745293608,-4.764151959179087e-06,3.5184097007820563e-07,-1.3493031178787012e-12,0.0,0.0
0.4,2,4,3,A,2.8321999999999996e-07,-0.4999999999999999,0.8660254037844387,3.5814928746907453e-07,1.1594639853947671e-11,1.264562133567808,4.093863376155523e-05,-1.7907464373453721e-07,-5.797319926973834e-12,3.1016638129551426e-07,1.0041252661250178e-11
0.4,2,5,1,B,2.2345181986280625e-07,0.4999999999999994,-0.8660254037844389,1.689727300418076e-07,-1.0076909573042846e-10,0.7561931254153695,-0.00045096565242698906,8.44863650209037e-08,-5.038454786521416e-11,-1.4633467676301541e-07,8.726859681893709e-11
0.4,2,5,2,B,2.2345181986280628e-07,0.5000000000000006,0.8660254037844384,1.7111000304098929e-07,-8.979101975649625e-11,0.7657579300363114,-0.00040183615336686736,8.555500152049474e-08,-4.489550987824818e-11,1.4818560947512922e-07,-7.776130414083615e-11
0.4,2,5,3,B,2.2345181986280628e-07,-1.0,3.5537566377327323e-16,1.6798003404819264e-07,-9.244390824910247e-11,0.7517505749173494,-0.00041370845986334173,-1.6798003404819264e-07,9.244390824910247e-11,5.96960161005335e-23,-3.285231525582036e-26
0.4,2,6,1,B,2.2345181986280625e-07,1.0,5.922927729554554e-17,-1.6412910485773495e-07,-9.245348597779051e-11,-0.734516751568665,-0.0004137513224754876,-1.6412910485773495e-07,-9.245348597779051e-11,-9.721248263888454e-24,-5.4759531579183856e-27
0.4,2,6,2,B,2.2345181986280622e-07,-0.5000000000000002,0.8660254037844386,-1.6650253179509896e-07,-8.921722298416233e-11,-0.7451384011879041,-0.00039926827644070864,8.325126589754952e-08,4.4608611492081185e-11,-1.441954223289819e-07,-7.726438155938548e-11
0.4,2,6,3,B,2.2345181986280622e-07,-0.4999999999999999,-0.8660254037844387,-1.6825425684953802e-07,-1.0062111494233892e-10,-0.7529777871258417,-0.00045030340323080724,8.4127128424769e-08,5.031055747116945e-11,1.4571246072657182e-07,8.714044169717948e-11
