hole,edge,group,x0_m,y0_m,x1_m,y1_m,length_m,nx_dielectric_to_air,ny_dielectric_to_air
1,1,A,9.888285676011415e-08,0.0,3.4415857161994287e-07,-1.4161e-07,2.8321999999999996e-07,0.5000000000000001,0.8660254037844387
1,2,A,3.4415857161994287e-07,-1.4161e-07,3.4415857161994287e-07,1.4161e-07,2.8322e-07,-1.0,0.0
1,3,A,3.4415857161994287e-07,1.4161e-07,9.888285676011415e-08,0.0,2.8321999999999996e-07,0.5000000000000001,-0.8660254037844387
2,1,B,6.669501582564852e-08,1.1551915602163354e-07,2.6020996834870294e-07,2.2724506595303662e-07,2.2345181986280622e-07,-0.4999999999999999,0.8660254037844387
2,2,B,2.6020996834870294e-07,2.2724506595303662e-07,6.669501582564853e-08,3.389709758844398e-07,2.2345181986280622e-07,-0.5000000000000002,-0.8660254037844386
2,3,B,6.669501582564853e-08,3.389709758844398e-07,6.669501582564852e-08,1.1551915602163354e-07,2.2345181986280625e-07,1.0,-5.922927729554554e-17
3,1,B,-6.669501582564848e-08,1.1551915602163355e-07,-6.669501582564841e-08,3.389709758844398e-07,2.2345181986280622e-07,-1.0,2.9614638647772777e-16
3,2,B,-6.669501582564841e-08,3.389709758844398e-07,-2.6020996834870283e-07,2.2724506595303673e-07,2.234518198628062e-07,0.49999999999999983,-0.8660254037844388
3,3,B,-2.6020996834870283e-07,2.2724506595303673e-07,-6.669501582564848e-08,1.1551915602163355e-07,2.234518198628062e-07,0.5000000000000003,0.8660254037844385
4,1,A,-9.888285676011415e-08,1.2109657402182002e-23,-3.4415857161994287e-07,1.4161000000000006e-07,2.8322e-07,-0.5000000000000002,-0.8660254037844386
4,2,A,-3.4415857161994287e-07,1.4161000000000006e-07,-3.4415857161994287e-07,-1.4160999999999996e-07,2.8322e-07,1.0,0.0
4,3,A,-3.4415857161994287e-07,-1.4160999999999996e-07,-9.888285676011415e-08,1.2109657402182002e-23,2.8321999999999996e-07,-0.4999999999999999,0.8660254037844387
5,1,B,-6.669501582564856e-08,-1.1551915602163353e-07,-2.6020996834870304e-07,-2.2724506595303652e-07,2.2345181986280625e-07,0.4999999999999994,-0.8660254037844389
5,2,B,-2.6020996834870304e-07,-2.2724506595303652e-07,-6.669501582564864e-08,-3.389709758844398e-07,2.2345181986280628e-07,0.5000000000000006,0.8660254037844384
5,3,B,-6.669501582564864e-08,-3.389709758844398e-07,-6.669501582564856e-08,-1.1551915602163353e-07,2.2345181986280628e-07,-1.0,3.5537566377327323e-16
6,1,B,6.669501582564852e-08,-1.1551915602163354e-07,6.669501582564853e-08,-3.389709758844398e-07,2.2345181986280625e-07,1.0,5.922927729554554e-17
6,2,B,6.669501582564853e-08,-3.389709758844398e-07,2.6020996834870294e-07,-2.2724506595303662e-07,2.2345181986280622e-07,-0.5000000000000002,0.8660254037844386
6,3,B,2.6020996834870294e-07,-2.2724506595303662e-07,6.669501582564852e-08,-1.1551915602163354e-07,2.2345181986280622e-07,-0.4999999999999999,-0.8660254037844387
