hole,edge,z_over_H,offset_m,Hz_trace_relative_difference,air_domain_ids,dielectric_domain_ids,distinct_domain_each_point
1,1,0.05,8.2e-12,0.050028802261231145,[9.0],[1.0],True
1,1,0.05,4.1e-12,0.05002273769008238,[9.0],[1.0],True
1,2,0.05,8.2e-12,0.03106287924024038,[9.0],[1.0],True
1,2,0.05,4.1e-12,0.031077376278242332,[9.0],[1.0],True
1,3,0.05,8.2e-12,0.05388124751591304,[9.0],[1.0],True
1,3,0.05,4.1e-12,0.05387449769118309,[9.0],[1.0],True
2,1,0.05,8.2e-12,0.03326882041370675,[8.0],[1.0],True
2,1,0.05,4.1e-12,0.03325610443691796,[8.0],[1.0],True
2,2,0.05,8.2e-12,0.04408036286552353,[8.0],[1.0],True
2,2,0.05,4.1e-12,0.04408205623490798,[8.0],[1.0],True
2,3,0.05,8.2e-12,0.04758168558279674,[8.0],[1.0],True
2,3,0.05,4.1e-12,0.04757827783676286,[8.0],[1.0],True
3,1,0.05,8.2e-12,0.060856144146118486,[6.0],[1.0],True
3,1,0.05,4.1e-12,0.06084852575638894,[6.0],[1.0],True
3,2,0.05,8.2e-12,0.06671974317321608,[6.0],[1.0],True
3,2,0.05,4.1e-12,0.0667147528991467,[6.0],[1.0],True
3,3,0.05,8.2e-12,0.043195979827667784,[6.0],[1.0],True
3,3,0.05,4.1e-12,0.04319084940773511,[6.0],[1.0],True
4,1,0.05,8.2e-12,0.04548054719715645,[4.0],[1.0],True
4,1,0.05,4.1e-12,0.04547482883017688,[4.0],[1.0],True
4,2,0.05,8.2e-12,0.03384897391010443,[4.0],[1.0],True
4,2,0.05,4.1e-12,0.033860927617566434,[4.0],[1.0],True
4,3,0.05,8.2e-12,0.041477612162117886,[4.0],[1.0],True
4,3,0.05,4.1e-12,0.0414739266395206,[4.0],[1.0],True
5,1,0.05,8.2e-12,0.050169143552856954,[5.0],[1.0],True
5,1,0.05,4.1e-12,0.05015472596034959,[5.0],[1.0],True
5,2,0.05,8.2e-12,0.08928294631117384,[5.0],[1.0],True
5,2,0.05,4.1e-12,0.08927086075021388,[5.0],[1.0],True
5,3,0.05,8.2e-12,0.0775651449029678,[5.0],[1.0],True
5,3,0.05,4.1e-12,0.07755600594506781,[5.0],[1.0],True
6,1,0.05,8.2e-12,0.0875598567233904,[7.0],[1.0],True
6,1,0.05,4.1e-12,0.08754601834049315,[7.0],[1.0],True
6,2,0.05,8.2e-12,0.07747375026384515,[7.0],[1.0],True
6,2,0.05,4.1e-12,0.07745884846042905,[7.0],[1.0],True
6,3,0.05,8.2e-12,0.04160197421308136,[7.0],[1.0],True
6,3,0.05,4.1e-12,0.04160137682305004,[7.0],[1.0],True
1,1,0.2,8.2e-12,0.0463311275904856,[9.0],[1.0],True
1,1,0.2,4.1e-12,0.04632798626601749,[9.0],[1.0],True
1,2,0.2,8.2e-12,0.02065983672846049,[9.0],[1.0],True
1,2,0.2,4.1e-12,0.020667986574991932,[9.0],[1.0],True
1,3,0.2,8.2e-12,0.06242507456328204,[9.0],[1.0],True
1,3,0.2,4.1e-12,0.06242228458212255,[9.0],[1.0],True
2,1,0.2,8.2e-12,0.047880513454199816,[8.0],[1.0],True
2,1,0.2,4.1e-12,0.04786597665928396,[8.0],[1.0],True
2,2,0.2,8.2e-12,0.05161166738176265,[8.0],[1.0],True
2,2,0.2,4.1e-12,0.05161735872560835,[8.0],[1.0],True
2,3,0.2,8.2e-12,0.04144241560954847,[8.0],[1.0],True
2,3,0.2,4.1e-12,0.04143327978450134,[8.0],[1.0],True
3,1,0.2,8.2e-12,0.04968122303835173,[6.0],[1.0],True
3,1,0.2,4.1e-12,0.049674405351740926,[6.0],[1.0],True
3,2,0.2,8.2e-12,0.056351664510258685,[6.0],[1.0],True
3,2,0.2,4.1e-12,0.056339317079098394,[6.0],[1.0],True
3,3,0.2,8.2e-12,0.05590606439236161,[6.0],[1.0],True
3,3,0.2,4.1e-12,0.05589705510573572,[6.0],[1.0],True
4,1,0.2,8.2e-12,0.04144013066982489,[4.0],[1.0],True
4,1,0.2,4.1e-12,0.04143765218082403,[4.0],[1.0],True
4,2,0.2,8.2e-12,0.02354520584922047,[4.0],[1.0],True
4,2,0.2,4.1e-12,0.02355165183289174,[4.0],[1.0],True
4,3,0.2,8.2e-12,0.041879057934841424,[4.0],[1.0],True
4,3,0.2,4.1e-12,0.04187691983272734,[4.0],[1.0],True
5,1,0.2,8.2e-12,0.05131103929735305,[5.0],[1.0],True
5,1,0.2,4.1e-12,0.05129702079738582,[5.0],[1.0],True
5,2,0.2,8.2e-12,0.0760260805599576,[5.0],[1.0],True
5,2,0.2,4.1e-12,0.07601134625746093,[5.0],[1.0],True
5,3,0.2,8.2e-12,0.0695892034882697,[5.0],[1.0],True
5,3,0.2,4.1e-12,0.0695767666900335,[5.0],[1.0],True
6,1,0.2,8.2e-12,0.07399839521552327,[7.0],[1.0],True
6,1,0.2,4.1e-12,0.07398505673450696,[7.0],[1.0],True
6,2,0.2,8.2e-12,0.0725432288587154,[7.0],[1.0],True
6,2,0.2,4.1e-12,0.07252398807244896,[7.0],[1.0],True
6,3,0.2,8.2e-12,0.04893253256087399,[7.0],[1.0],True
6,3,0.2,4.1e-12,0.04892624424806197,[7.0],[1.0],True
1,1,0.4,8.2e-12,0.037587313389409134,[9.0],[1.0],True
1,1,0.4,4.1e-12,0.037588312070045114,[9.0],[1.0],True
1,2,0.4,8.2e-12,0.04455153493096824,[9.0],[1.0],True
1,2,0.4,4.1e-12,0.044591541680758615,[9.0],[1.0],True
1,3,0.4,8.2e-12,0.046490968086723275,[9.0],[1.0],True
1,3,0.4,4.1e-12,0.046484152719086326,[9.0],[1.0],True
2,1,0.4,8.2e-12,0.05552607649456435,[8.0],[1.0],True
2,1,0.4,4.1e-12,0.05551822938471412,[8.0],[1.0],True
2,2,0.4,8.2e-12,0.07135294724914193,[8.0],[1.0],True
2,2,0.4,4.1e-12,0.07134351428657232,[8.0],[1.0],True
2,3,0.4,8.2e-12,0.04239299648293938,[8.0],[1.0],True
2,3,0.4,4.1e-12,0.042394714789276956,[8.0],[1.0],True
3,1,0.4,8.2e-12,0.04303643862037814,[6.0],[1.0],True
3,1,0.4,4.1e-12,0.04304849164598077,[6.0],[1.0],True
3,2,0.4,8.2e-12,0.059051428849911,[6.0],[1.0],True
3,2,0.4,4.1e-12,0.05906861196081008,[6.0],[1.0],True
3,3,0.4,8.2e-12,0.060609548042759816,[6.0],[1.0],True
3,3,0.4,4.1e-12,0.060601713427838766,[6.0],[1.0],True
4,1,0.4,8.2e-12,0.03445611925711319,[4.0],[1.0],True
4,1,0.4,4.1e-12,0.03445836685514516,[4.0],[1.0],True
4,2,0.4,8.2e-12,0.055592462426249066,[4.0],[1.0],True
4,2,0.4,4.1e-12,0.055634023546076786,[4.0],[1.0],True
4,3,0.4,8.2e-12,0.04192591779772214,[4.0],[1.0],True
4,3,0.4,4.1e-12,0.04192020400169087,[4.0],[1.0],True
5,1,0.4,8.2e-12,0.045842950911739455,[5.0],[1.0],True
5,1,0.4,4.1e-12,0.04584104219442142,[5.0],[1.0],True
5,2,0.4,8.2e-12,0.07105163267504937,[5.0],[1.0],True
5,2,0.4,4.1e-12,0.07104859144751978,[5.0],[1.0],True
5,3,0.4,8.2e-12,0.056143352898090804,[5.0],[1.0],True
5,3,0.4,4.1e-12,0.05613722163334758,[5.0],[1.0],True
6,1,0.4,8.2e-12,0.07079377039356766,[7.0],[1.0],True
6,1,0.4,4.1e-12,0.0707968444836501,[7.0],[1.0],True
6,2,0.4,8.2e-12,0.054033841464142855,[7.0],[1.0],True
6,2,0.4,4.1e-12,0.05401347018835024,[7.0],[1.0],True
6,3,0.4,8.2e-12,0.04992544562832338,[7.0],[1.0],True
6,3,0.4,4.1e-12,0.04991700846201192,[7.0],[1.0],True
