trace,step_nm,A_re,A_im,B_re,B_im,O_re,O_im,Z_fd_unconverged_re,Z_fd_unconverged_im,full_residual,full_residual_over_abs_A
Hz_integral,4.0,-5.348730114805619e-05,-0.0514376896048284,1.8214022947781613e-05,1.274935769173817,-4.520045433121788e-06,0.4006974345684215,-0.0014619801925454,-9.874516975061992,8.147446201105957,158.39439638257886
Hz_integral,2.0,-5.348730114805619e-05,-0.0514376896048284,1.8214022947781613e-05,1.274935769173817,-4.520045433121788e-06,0.4006974345684215,-0.0011575053100232,-17.68864747457635,15.961576618468914,310.3088049177274
Hz_integral,1.0,-5.348730114805619e-05,-0.0514376896048284,1.8214022947781613e-05,1.274935769173817,-4.520045433121788e-06,0.4006974345684215,-0.0005113693200982,-33.31428679041478,31.587215900190863,614.0866564099282
Hz_integral,0.5,-5.348730114805619e-05,-0.0514376896048284,1.8214022947781613e-05,1.274935769173817,-4.520045433121788e-06,0.4006974345684215,0.000790199215972,-64.56491000127758,62.83783911377971,1221.6296187462606
Hz_diel,4.0,-5.348730114805619e-05,-0.0514376896048284,5.1889672851265946e-05,3.1091302721788066,-5.371510783681262e-06,0.4093715765191506,-0.0014619801925454,-9.874516975061992,6.304577583872566,122.56721139307166
Hz_diel,2.0,-5.348730114805619e-05,-0.0514376896048284,5.1889672851265946e-05,3.1091302721788066,-5.371510783681262e-06,0.4093715765191506,-0.0011575053100232,-17.68864747457635,14.118707975877257,274.48161943523047
Hz_diel,1.0,-5.348730114805619e-05,-0.0514376896048284,5.1889672851265946e-05,3.1091302721788066,-5.371510783681262e-06,0.4093715765191506,-0.0005113693200982,-33.31428679041478,29.744347254956573,578.2594708760558
Hz_diel,0.5,-5.348730114805619e-05,-0.0514376896048284,5.1889672851265946e-05,3.1091302721788066,-5.371510783681262e-06,0.4093715765191506,0.000790199215972,-64.56491000127758,60.99497046947094,1185.8024332303814
Hz_air,4.0,-5.348730114805619e-05,-0.0514376896048284,7.805687703773685e-05,-0.4537419015834661,-5.371510783681262e-06,0.4093715765191506,-0.0014619801925454,-9.874516975061992,9.867449700939055,191.83296221134185
Hz_air,2.0,-5.348730114805619e-05,-0.0514376896048284,7.805687703773685e-05,-0.4537419015834661,-5.371510783681262e-06,0.4093715765191506,-0.0011575053100232,-17.68864747457635,17.681580140113663,343.7473711705304
Hz_air,1.0,-5.348730114805619e-05,-0.0514376896048284,7.805687703773685e-05,-0.4537419015834661,-5.371510783681262e-06,0.4093715765191506,-0.0005113693200982,-33.31428679041478,33.30721942810167,647.5252227845496
Hz_air,0.5,-5.348730114805619e-05,-0.0514376896048284,7.805687703773685e-05,-0.4537419015834661,-5.371510783681262e-06,0.4093715765191506,0.000790199215972,-64.56491000127758,64.55784264324082,1255.0681851510215
