point,z_nm,step_nm,dz_fd_re,dz_fd_im,dx_fd_re,dx_fd_im,dz_exported_re,dz_exported_im,dx_exported_re,dx_exported_im,ampere_source_re,ampere_source_im,residual_fd_re,residual_fd_im
0,0,2,12863134.615546277,-42.87660572831658,-17098746.577889122,31.656914326382264,0.0,0.0,0.0,0.0,-30524965.015489742,-40.170777289970715,-563083.8220543453,-114.70429734466965
1,0,2,11460314.256207222,115.84303076887244,-15038883.104084797,-68.24025500147371,0.0,0.0,0.0,0.0,-28607624.68211244,-498.4549345314209,-2108427.321820421,-314.37164876107477
2,0,2,-5308345.954305566,1913.3081257637216,1585716.5547383318,586.6968757589682,0.0,0.0,0.0,0.0,1538526.2365433911,6.432121697151018,-5355536.272500507,1333.0433717019046
3,0,2,-59800112.09573543,14817.313081296983,904522.0284281037,-507.8195735186854,0.0,0.0,0.0,0.0,1544935.2349210058,-7.8602246282038095,-59159698.88924253,15317.272430187466
4,0,2,-12852247.736763807,46.92905967294874,25991377.948997367,-12.452900456384555,0.0,0.0,0.0,0.0,38992404.22638129,-116.44465548037726,148778.5406201056,-57.06269535104398
0,0,1,12863134.615538722,-42.87660572894637,-17098746.57788914,31.656914326663127,0.0,0.0,0.0,0.0,-30524965.015489742,-40.170777289970715,-563083.8220618828,-114.7042973455803
1,0,1,11460314.256214017,115.84303076921191,-15038883.104084406,-68.24025500074544,0.0,0.0,0.0,0.0,-28607624.68211244,-498.4549345314209,-2108427.3218140174,-314.3716487614636
2,0,1,-8570124.533550136,3621.9890416851413,9799330.291266423,-2625.3923734760338,0.0,0.0,0.0,0.0,1538526.2365433911,6.432121697151018,-16830928.588273168,6253.813536858326
3,0,1,26782970.496108174,-9110.84388585307,904522.0284264048,-507.81957351887576,0.0,0.0,0.0,0.0,1544935.2349210058,-7.8602246282038095,27423383.702602774,-8610.884536962398
4,0,1,-12852247.736761156,46.92905967308718,25991377.948999435,-12.452900456356588,0.0,0.0,0.0,0.0,38992404.22638129,-116.44465548037726,148778.54062069108,-57.06269535093353
0,0,0.5,12863134.615558367,-42.876605726927295,-17098746.57788794,31.656914327166476,0.0,0.0,0.0,0.0,-30524965.015489742,-40.170777289970715,-563083.8220434365,-114.70429734406453
1,0,0.5,11460314.256206468,115.84303077110229,-15038883.104085693,-68.24025499997663,0.0,0.0,0.0,0.0,-28607624.68211244,-498.4549345314209,-2108427.321820279,-314.3716487603421
2,0,0.5,-15093681.692056958,7039.350873528222,30911135.754065342,4392.615309076299,0.0,0.0,0.0,0.0,1538526.2365433911,6.432121697151018,-44466291.20957891,2653.1676861490732
3,0,0.5,-2076201.3321560249,-958.8586908413284,904522.0284278741,-507.81957352013063,0.0,0.0,0.0,0.0,1544935.2349210058,-7.8602246282038095,-1435788.1256628935,-458.8993419494017
4,0,0.5,-12852247.736770095,46.929059672538244,25991377.949001,-12.45290045645595,0.0,0.0,0.0,0.0,38992404.22638129,-116.44465548037726,148778.54061018908,-57.06269535138303
0,25,2,12863134.615542823,-42.8766057280169,-17098746.57788882,31.656914326540743,0.0,0.0,0.0,0.0,-29956294.971198037,-11.890271330195219,5586.2222336093,-86.42379138475285
1,25,2,12091966.074256597,66.32378413036503,-15768708.801254855,-175.9142938598825,0.0,0.0,0.0,0.0,-27943103.71435154,-446.31266202585743,-82428.8388400876,-204.07458403561012
2,25,2,-2046567.3750539043,204.62720984161825,240475.1820512696,449.1445175530898,0.0,0.0,0.0,0.0,1510833.750613496,0.18670153923343946,-776208.8064916779,-244.33060617223808
3,25,2,-2130511.139582304,-143.98726206581614,1037744.5140432708,-461.2643351550523,0.0,0.0,0.0,0.0,1554590.5898913213,-4.10389755475094,-1613665.0637342536,313.17317553448527
4,25,2,-10150609.687041463,71.51957893438188,25991377.948997874,-12.452900456353746,0.0,0.0,0.0,0.0,38397059.0079786,-125.03846284891222,2255071.3719392633,-41.06598345817654
0,25,1,12863134.615542043,-42.87660572748371,-17098746.577889074,31.656914326530966,0.0,0.0,0.0,0.0,-29956294.971198037,-11.890271330195219,5586.22223307927,-86.42379138420982
1,25,1,12091966.074260224,66.32378413173268,-15768708.801254695,-175.9142938599926,0.0,0.0,0.0,0.0,-27943103.71435154,-446.31266202585743,-82428.83883661774,-204.0745840341324
2,25,1,-2046567.375057113,204.62720984143866,11883090.941614013,-1099.9441639897314,0.0,0.0,0.0,0.0,1510833.750613496,0.18670153923343946,-12418824.566057632,1304.7580753704035
3,25,1,-2130511.139584034,-143.98726206589257,1037744.514043684,-461.2643351548401,0.0,0.0,0.0,0.0,1554590.5898913213,-4.10389755475094,-1613665.0637363975,313.1731755341966
4,25,1,-12852247.736760259,46.92905967327292,25991377.948999986,-12.452900456388534,0.0,0.0,0.0,0.0,38397059.0079786,-125.03846284891222,-446566.67778164626,-65.6565027192508
0,25,0.5,12863134.615537772,-42.876605731262,-17098746.577887814,31.656914326179958,0.0,0.0,0.0,0.0,-29956294.971198037,-11.890271330195219,5586.222227550923,-86.42379138763712
1,25,0.5,12091966.074245576,66.32378413208903,-15768708.801257681,-175.91429385988073,0.0,0.0,0.0,0.0,-27943103.71435154,-446.31266202585743,-82428.83884828459,-204.07458403388762
2,25,0.5,-2046567.3750621008,204.62720984220212,25050705.518263943,-2483.1784345558553,0.0,0.0,0.0,0.0,1510833.750613496,0.18670153923343946,-25586439.14271255,2687.992345937291
3,25,0.5,-2130511.139581038,-143.9872620658208,1037744.5140443268,-461.2643351561186,0.0,0.0,0.0,0.0,1554590.5898913213,-4.10389755475094,-1613665.063734044,313.17317553554676
4,25,0.5,-12852247.736746322,46.929059673358495,25991377.94900008,-12.452900456480279,0.0,0.0,0.0,0.0,38397059.0079786,-125.03846284891222,-446566.67776780383,-65.6565027190734
