order,z_nm,weighted_Hx_integral_re,weighted_Hx_integral_im
4,0,2.9809571525888333e-16,-4.5399809634845797e-20
4,0.5,1.5761433612621589e-16,-4.5264453926999306e-20
4,1,1.5112074499165545e-16,-3.978414784037986e-20
4,2,1.384092864129288e-16,-2.9514583342771964e-20
4,4,1.1408083940292542e-16,-1.1620149371003966e-20
4,8,6.973442906188127e-17,1.4545903911158155e-20
8,0,2.9809571525886947e-16,-4.5399809634858965e-20
8,0.5,1.5761433612622027e-16,-4.5264453927000064e-20
8,1,1.5112074499166348e-16,-3.978414784038063e-20
8,2,1.3840928641293347e-16,-2.951458334277132e-20
8,4,1.1408083940291682e-16,-1.1620149371003939e-20
8,8,6.973442906187385e-17,1.4545903911155378e-20
12,0,2.9809571525884975e-16,-4.539980963484481e-20
12,0.5,1.57614336126223e-16,-4.5264453926998096e-20
12,1,1.511207449916625e-16,-3.978414784038041e-20
12,2,1.3840928641292723e-16,-2.951458334277142e-20
12,4,1.1408083940292402e-16,-1.162014937100252e-20
12,8,6.973442906187963e-17,1.4545903911160172e-20
