order,step_nm,Z_fd_re,Z_fd_im
4,4,-0.0014619801925454458,-9.874516975063875
4,2,-0.0011575053100232914,-17.688647474580076
4,1,-0.0005113693200987034,-33.314286790424944
4,0.5,0.00079019921597241,-64.56491000129661
8,4,-0.00146198019254627,-9.87451697506359
8,2,-0.001157505310024927,-17.688647474577397
8,1,-0.0005113693201014871,-33.314286790419565
8,0.5,0.0007901992159666151,-64.56491000128865
12,4,-0.0014619801925454614,-9.874516975061992
12,2,-0.0011575053100232045,-17.68864747457635
12,1,-0.0005113693200982606,-33.31428679041478
12,0.5,0.0007901992159720324,-64.56491000127758
